{
    "confidence_score": 0.9451177716255188,
    "ptm": 0.9564362168312073,
    "iptm": 0.9575217962265015,
    "ligand_iptm": 0.9732997417449951,
    "protein_iptm": 0.9552424550056458,
    "complex_plddt": 0.9420167207717896,
    "complex_iplddt": 0.9520593881607056,
    "complex_pde": 0.4534440338611603,
    "complex_ipde": 0.7812908291816711,
    "chains_ptm": {
        "0": 0.9656708836555481,
        "1": 0.9652676582336426,
        "2": 0.993877649307251,
        "3": 0.9934327602386475,
        "4": 0.9650995135307312,
        "5": 0.9655680060386658
    },
    "pair_chains_iptm": {
        "0": {
            "0": 0.9656708836555481,
            "1": 0.9552424550056458,
            "2": 0.9146026968955994,
            "3": 0.8336970210075378,
            "4": 0.6647468209266663,
            "5": 0.5657005906105042
        },
        "1": {
            "0": 0.9548363089561462,
            "1": 0.9652676582336426,
            "2": 0.8334865570068359,
            "3": 0.9125452041625977,
            "4": 0.5690829753875732,
            "5": 0.6593143343925476
        },
        "2": {
            "0": 0.9933599829673767,
            "1": 0.9800622463226318,
            "2": 0.993877649307251,
            "3": 0.8265886902809143,
            "4": 0.7731313109397888,
            "5": 0.5652299523353577
        },
        "3": {
            "0": 0.9801962375640869,
            "1": 0.9928430914878845,
            "2": 0.8243350982666016,
            "3": 0.9934327602386475,
            "4": 0.5659673810005188,
            "5": 0.7677767276763916
        },
        "4": {
            "0": 0.97673100233078,
            "1": 0.9722492694854736,
            "2": 0.967461109161377,
            "3": 0.8679325580596924,
            "4": 0.9650995135307312,
            "5": 0.6339076161384583
        },
        "5": {
            "0": 0.9733805656433105,
            "1": 0.9777469635009766,
            "2": 0.8681557774543762,
            "3": 0.967041015625,
            "4": 0.6334153413772583,
            "5": 0.9655680060386658
        }
    }
}